{"cameraMode":{"drawMode":0,"name":"Shaded","section":"Shading Mode"},"sceneLighting":false,"audioPlay":false,"sceneViewState":{"showFog":true,"showMaterialUpdate":true,"showSkybox":false,"showFlares":true,"showImageEffects":true,"showParticleSystems":true},"in2DMode":false,"pivot":{"x":0.13411636650562287,"y":0.8238204717636108,"z":-0.20527584850788117},"rotation":{"x":-0.22231481969356538,"y":-0.5126643180847168,"z":0.13939955830574037,"w":-0.8175791501998901},"size":4.03507137298584,"orthographic":false}