{"cameraMode":{"drawMode":0,"name":"Shaded","section":"Shading Mode"},"sceneLighting":false,"audioPlay":false,"sceneViewState":{"showFog":true,"showMaterialUpdate":true,"showSkybox":true,"showFlares":true,"showImageEffects":true,"showParticleSystems":true},"in2DMode":false,"pivot":{"x":2.347810745239258,"y":12.378369331359864,"z":-3.7154154777526857},"rotation":{"x":-0.06935137510299683,"y":-0.8033022880554199,"z":0.5838530659675598,"w":-0.09541262686252594},"size":3.7144601345062258,"orthographic":false}