{"cameraMode":{"drawMode":0,"name":"Shaded","section":"Shading Mode"},"sceneLighting":true,"audioPlay":false,"sceneViewState":{"showFog":true,"showMaterialUpdate":true,"showSkybox":true,"showFlares":true,"showImageEffects":true,"showParticleSystems":true},"in2DMode":false,"pivot":{"x":24.553726196289064,"y":36.99581527709961,"z":9.323165893554688},"rotation":{"x":0.5127676129341126,"y":-0.4414122998714447,"z":0.3489486277103424,"w":0.6485182642936707},"size":0.0800173282623291,"orthographic":false}