{"cameraMode":{"drawMode":0,"name":"Shaded","section":"Shading Mode"},"sceneLighting":true,"audioPlay":false,"sceneViewState":{"showFog":true,"showMaterialUpdate":true,"showSkybox":true,"showFlares":true,"showImageEffects":true,"showParticleSystems":true},"in2DMode":false,"pivot":{"x":39.507511138916019,"y":-4.021875381469727,"z":29.726165771484376},"rotation":{"x":-0.055688392370939258,"y":0.86822909116745,"z":-0.4826764762401581,"w":-0.10155969113111496},"size":29.08906364440918,"orthographic":false}