{"cameraMode":{"drawMode":0,"name":"Shaded","section":"Shading Mode"},"sceneLighting":false,"audioPlay":false,"sceneViewState":{"showFog":true,"showMaterialUpdate":true,"showSkybox":false,"showFlares":true,"showImageEffects":true,"showParticleSystems":true},"in2DMode":false,"pivot":{"x":0.21719403564929963,"y":6.176469802856445,"z":0.02322929911315441},"rotation":{"x":0.5101603269577026,"y":0.16180185973644257,"z":-0.09835740178823471,"w":0.839016854763031},"size":7.002301216125488,"orthographic":false}