{"cameraMode":{"drawMode":0,"name":"Shaded","section":"Shading Mode"},"sceneLighting":true,"audioPlay":false,"sceneViewState":{"showFog":true,"showMaterialUpdate":true,"showSkybox":true,"showFlares":true,"showImageEffects":true,"showParticleSystems":true},"in2DMode":false,"pivot":{"x":-4.743873119354248,"y":-123.63551330566406,"z":-92.04129028320313},"rotation":{"x":0.000018688411728362553,"y":0.8958489298820496,"z":-0.44440534710884097,"w":-0.00000990727039607009},"size":200.02915954589845,"orthographic":false}